file_name, URL
1901repsnsw.txt, http://psephos.adam-carr.net/countries/a/australia/1901/1901repsnsw.txt
1901repsvic.txt, http://psephos.adam-carr.net/countries/a/australia/1901/1901repsvic.txt
1901repsqld.txt, http://psephos.adam-carr.net/countries/a/australia/1901/1901repsqld.txt
1901repswa.txt, http://psephos.adam-carr.net/countries/a/australia/1901/1901repswa.txt
1901repssa.txt, http://psephos.adam-carr.net/countries/a/australia/1901/1901repssa.txt
1901repstas.txt, http://psephos.adam-carr.net/countries/a/australia/1901/1901repstas.txt
1903repsnsw.txt, http://psephos.adam-carr.net/countries/a/australia/1903/1903repsnsw.txt
1903repsvic.txt, http://psephos.adam-carr.net/countries/a/australia/1903/1903repsvic.txt
1903repsqld.txt, http://psephos.adam-carr.net/countries/a/australia/1903/1903repsqld.txt
1903repswa.txt, http://psephos.adam-carr.net/countries/a/australia/1903/1903repswa.txt
1903repssa.txt, http://psephos.adam-carr.net/countries/a/australia/1903/1903repssa.txt
1903repstas.txt, http://psephos.adam-carr.net/countries/a/australia/1903/1903repstas.txt
1906repsnsw.txt, http://psephos.adam-carr.net/countries/a/australia/1906/1906repsnsw.txt
1906repsvic.txt, http://psephos.adam-carr.net/countries/a/australia/1906/1906repsvic.txt
1906repsqld.txt, http://psephos.adam-carr.net/countries/a/australia/1906/1906repsqld.txt
1906repswa.txt, http://psephos.adam-carr.net/countries/a/australia/1906/1906repswa.txt
1906repssa.txt, http://psephos.adam-carr.net/countries/a/australia/1906/1906repssa.txt
1906repstas.txt, http://psephos.adam-carr.net/countries/a/australia/1906/1906repstas.txt
1910repsnsw.txt, http://psephos.adam-carr.net/countries/a/australia/1910/1910repsnsw.txt
1910repsvic.txt, http://psephos.adam-carr.net/countries/a/australia/1910/1910repsvic.txt
1910repsqld.txt, http://psephos.adam-carr.net/countries/a/australia/1910/1910repsqld.txt
1910repswa.txt, http://psephos.adam-carr.net/countries/a/australia/1910/1910repswa.txt
1910repssa.txt, http://psephos.adam-carr.net/countries/a/australia/1910/1910repssa.txt
1910repstas.txt, http://psephos.adam-carr.net/countries/a/australia/1910/1910repstas.txt
1913repsnsw.txt, http://psephos.adam-carr.net/countries/a/australia/1913/1913repsnsw.txt
1913repsvic.txt, http://psephos.adam-carr.net/countries/a/australia/1913/1913repsvic.txt
1913repsqld.txt, http://psephos.adam-carr.net/countries/a/australia/1913/1913repsqld.txt
1913repswa.txt, http://psephos.adam-carr.net/countries/a/australia/1913/1913repswa.txt
1913repssa.txt, http://psephos.adam-carr.net/countries/a/australia/1913/1913repssa.txt
1913repstas.txt, http://psephos.adam-carr.net/countries/a/australia/1913/1913repstas.txt
1914repsnsw.txt, http://psephos.adam-carr.net/countries/a/australia/1914/1914repsnsw.txt
1914repsvic.txt, http://psephos.adam-carr.net/countries/a/australia/1914/1914repsvic.txt
1914repsqld.txt, http://psephos.adam-carr.net/countries/a/australia/1914/1914repsqld.txt
1914repswa.txt, http://psephos.adam-carr.net/countries/a/australia/1914/1914repswa.txt
1914repssa.txt, http://psephos.adam-carr.net/countries/a/australia/1914/1914repssa.txt
1914repstas.txt, http://psephos.adam-carr.net/countries/a/australia/1914/1914repstas.txt
1917repsnsw.txt, http://psephos.adam-carr.net/countries/a/australia/1917/1917repsnsw.txt
1917repsvic.txt, http://psephos.adam-carr.net/countries/a/australia/1917/1917repsvic.txt
1917repsqld.txt, http://psephos.adam-carr.net/countries/a/australia/1917/1917repsqld.txt
1917repswa.txt, http://psephos.adam-carr.net/countries/a/australia/1917/1917repswa.txt
1917repssa.txt, http://psephos.adam-carr.net/countries/a/australia/1917/1917repssa.txt
1917repstas.txt, http://psephos.adam-carr.net/countries/a/australia/1917/1917repstas.txt
1919repsnsw.txt, http://psephos.adam-carr.net/countries/a/australia/1919/1919repsnsw.txt
1919repsvic.txt, http://psephos.adam-carr.net/countries/a/australia/1919/1919repsvic.txt
1919repsqld.txt, http://psephos.adam-carr.net/countries/a/australia/1919/1919repsqld.txt
1919repswa.txt, http://psephos.adam-carr.net/countries/a/australia/1919/1919repswa.txt
1919repssa.txt, http://psephos.adam-carr.net/countries/a/australia/1919/1919repssa.txt
1919repstas.txt, http://psephos.adam-carr.net/countries/a/australia/1919/1919repstas.txt
1922repsnsw.txt, http://psephos.adam-carr.net/countries/a/australia/1922/1922repsnsw.txt
1922repsvic.txt, http://psephos.adam-carr.net/countries/a/australia/1922/1922repsvic.txt
1922repsqld.txt, http://psephos.adam-carr.net/countries/a/australia/1922/1922repsqld.txt
1922repswa.txt, http://psephos.adam-carr.net/countries/a/australia/1922/1922repswa.txt
1922repssa.txt, http://psephos.adam-carr.net/countries/a/australia/1922/1922repssa.txt
1922repstas.txt, http://psephos.adam-carr.net/countries/a/australia/1922/1922repstas.txt
1922repsnt.txt, http://psephos.adam-carr.net/countries/a/australia/1922/1922repsnt.txt
1925repsnsw.txt, http://psephos.adam-carr.net/countries/a/australia/1925/1925repsnsw.txt
1925repsvic.txt, http://psephos.adam-carr.net/countries/a/australia/1925/1925repsvic.txt
1925repsqld.txt, http://psephos.adam-carr.net/countries/a/australia/1925/1925repsqld.txt
1925repswa.txt, http://psephos.adam-carr.net/countries/a/australia/1925/1925repswa.txt
1925repssa.txt, http://psephos.adam-carr.net/countries/a/australia/1925/1925repssa.txt
1925repstas.txt, http://psephos.adam-carr.net/countries/a/australia/1925/1925repstas.txt
1925repsnt.txt, http://psephos.adam-carr.net/countries/a/australia/1925/1925repsnt.txt
1928repsnsw.txt, http://psephos.adam-carr.net/countries/a/australia/1928/1928repsnsw.txt
1928repsvic.txt, http://psephos.adam-carr.net/countries/a/australia/1928/1928repsvic.txt
1928repsqld.txt, http://psephos.adam-carr.net/countries/a/australia/1928/1928repsqld.txt
1928repswa.txt, http://psephos.adam-carr.net/countries/a/australia/1928/1928repswa.txt
1928repssa.txt, http://psephos.adam-carr.net/countries/a/australia/1928/1928repssa.txt
1928repstas.txt, http://psephos.adam-carr.net/countries/a/australia/1928/1928repstas.txt
1928repsnt.txt, http://psephos.adam-carr.net/countries/a/australia/1928/1928repsnt.txt
1929repsnsw.txt, http://psephos.adam-carr.net/countries/a/australia/1929/1929repsnsw.txt
1929repsvic.txt, http://psephos.adam-carr.net/countries/a/australia/1929/1929repsvic.txt
1929repsqld.txt, http://psephos.adam-carr.net/countries/a/australia/1929/1929repsqld.txt
1929repswa.txt, http://psephos.adam-carr.net/countries/a/australia/1929/1929repswa.txt
1929repssa.txt, http://psephos.adam-carr.net/countries/a/australia/1929/1929repssa.txt
1929repstas.txt, http://psephos.adam-carr.net/countries/a/australia/1929/1929repstas.txt
1929repsnt.txt, http://psephos.adam-carr.net/countries/a/australia/1929/1929repsnt.txt
1931repsnsw.txt, http://psephos.adam-carr.net/countries/a/australia/1931/1931repsnsw.txt
1931repsvic.txt, http://psephos.adam-carr.net/countries/a/australia/1931/1931repsvic.txt
1931repsqld.txt, http://psephos.adam-carr.net/countries/a/australia/1931/1931repsqld.txt
1931repswa.txt, http://psephos.adam-carr.net/countries/a/australia/1931/1931repswa.txt
1931repssa.txt, http://psephos.adam-carr.net/countries/a/australia/1931/1931repssa.txt
1931repstas.txt, http://psephos.adam-carr.net/countries/a/australia/1931/1931repstas.txt
1931repsnt.txt, http://psephos.adam-carr.net/countries/a/australia/1931/1931repsnt.txt
1934repsnsw.txt, http://psephos.adam-carr.net/countries/a/australia/1934/1934repsnsw.txt
1934repsvic.txt, http://psephos.adam-carr.net/countries/a/australia/1934/1934repsvic.txt
1934repsqld.txt, http://psephos.adam-carr.net/countries/a/australia/1934/1934repsqld.txt
1934repswa.txt, http://psephos.adam-carr.net/countries/a/australia/1934/1934repswa.txt
1934repssa.txt, http://psephos.adam-carr.net/countries/a/australia/1934/1934repssa.txt
1934repstas.txt, http://psephos.adam-carr.net/countries/a/australia/1934/1934repstas.txt
1934repsnt.txt, http://psephos.adam-carr.net/countries/a/australia/1934/1934repsnt.txt
1937repsnsw.txt, http://psephos.adam-carr.net/countries/a/australia/1937/1937repsnsw.txt
1937repsvic.txt, http://psephos.adam-carr.net/countries/a/australia/1937/1937repsvic.txt
1937repsqld.txt, http://psephos.adam-carr.net/countries/a/australia/1937/1937repsqld.txt
1937repswa.txt, http://psephos.adam-carr.net/countries/a/australia/1937/1937repswa.txt
1937repssa.txt, http://psephos.adam-carr.net/countries/a/australia/1937/1937repssa.txt
1937repstas.txt, http://psephos.adam-carr.net/countries/a/australia/1937/1937repstas.txt
1937repsnt.txt, http://psephos.adam-carr.net/countries/a/australia/1937/1937repsnt.txt
1940repsnsw.txt, http://psephos.adam-carr.net/countries/a/australia/1940/1940repsnsw.txt
1940repsvic.txt, http://psephos.adam-carr.net/countries/a/australia/1940/1940repsvic.txt
1940repsqld.txt, http://psephos.adam-carr.net/countries/a/australia/1940/1940repsqld.txt
1940repswa.txt, http://psephos.adam-carr.net/countries/a/australia/1940/1940repswa.txt
1940repssa.txt, http://psephos.adam-carr.net/countries/a/australia/1940/1940repssa.txt
1940repstas.txt, http://psephos.adam-carr.net/countries/a/australia/1940/1940repstas.txt
1940repsnt.txt, http://psephos.adam-carr.net/countries/a/australia/1940/1940repsnt.txt
1943repsnsw.txt, http://psephos.adam-carr.net/countries/a/australia/1943/1943repsnsw.txt
1943repsvic.txt, http://psephos.adam-carr.net/countries/a/australia/1943/1943repsvic.txt
1943repsqld.txt, http://psephos.adam-carr.net/countries/a/australia/1943/1943repsqld.txt
1943repswa.txt, http://psephos.adam-carr.net/countries/a/australia/1943/1943repswa.txt
1943repssa.txt, http://psephos.adam-carr.net/countries/a/australia/1943/1943repssa.txt
1943repstas.txt, http://psephos.adam-carr.net/countries/a/australia/1943/1943repstas.txt
1943repsnt.txt, http://psephos.adam-carr.net/countries/a/australia/1943/1943repsnt.txt
1946repsnsw.txt, http://psephos.adam-carr.net/countries/a/australia/1946/1946repsnsw.txt
1946repsvic.txt, http://psephos.adam-carr.net/countries/a/australia/1946/1946repsvic.txt
1946repsqld.txt, http://psephos.adam-carr.net/countries/a/australia/1946/1946repsqld.txt
1946repswa.txt, http://psephos.adam-carr.net/countries/a/australia/1946/1946repswa.txt
1946repssa.txt, http://psephos.adam-carr.net/countries/a/australia/1946/1946repssa.txt
1946repstas.txt, http://psephos.adam-carr.net/countries/a/australia/1946/1946repstas.txt
1946repsnt.txt, http://psephos.adam-carr.net/countries/a/australia/1946/1946repsnt.txt
1949repsnsw.txt, http://psephos.adam-carr.net/countries/a/australia/1949/1949repsnsw.txt
1949repsvic.txt, http://psephos.adam-carr.net/countries/a/australia/1949/1949repsvic.txt
1949repsqld.txt, http://psephos.adam-carr.net/countries/a/australia/1949/1949repsqld.txt
1949repswa.txt, http://psephos.adam-carr.net/countries/a/australia/1949/1949repswa.txt
1949repssa.txt, http://psephos.adam-carr.net/countries/a/australia/1949/1949repssa.txt
1949repstas.txt, http://psephos.adam-carr.net/countries/a/australia/1949/1949repstas.txt
1949repsact.txt, http://psephos.adam-carr.net/countries/a/australia/1949/1949repsact.txt
1949repsnt.txt, http://psephos.adam-carr.net/countries/a/australia/1949/1949repsnt.txt
1951repsnsw.txt, http://psephos.adam-carr.net/countries/a/australia/1951/1951repsnsw.txt
1951repsvic.txt, http://psephos.adam-carr.net/countries/a/australia/1951/1951repsvic.txt
1951repsqld.txt, http://psephos.adam-carr.net/countries/a/australia/1951/1951repsqld.txt
1951repswa.txt, http://psephos.adam-carr.net/countries/a/australia/1951/1951repswa.txt
1951repssa.txt, http://psephos.adam-carr.net/countries/a/australia/1951/1951repssa.txt
1951repstas.txt, http://psephos.adam-carr.net/countries/a/australia/1951/1951repstas.txt
1951repsact.txt, http://psephos.adam-carr.net/countries/a/australia/1951/1951repsact.txt
1951repsnt.txt, http://psephos.adam-carr.net/countries/a/australia/1951/1951repsnt.txt
1954repsnsw.txt, http://psephos.adam-carr.net/countries/a/australia/1954/1954repsnsw.txt
1954repsvic.txt, http://psephos.adam-carr.net/countries/a/australia/1954/1954repsvic.txt
1954repsqld.txt, http://psephos.adam-carr.net/countries/a/australia/1954/1954repsqld.txt
1954repswa.txt, http://psephos.adam-carr.net/countries/a/australia/1954/1954repswa.txt
1954repssa.txt, http://psephos.adam-carr.net/countries/a/australia/1954/1954repssa.txt
1954repstas.txt, http://psephos.adam-carr.net/countries/a/australia/1954/1954repstas.txt
1954repsact.txt, http://psephos.adam-carr.net/countries/a/australia/1954/1954repsact.txt
1954repsnt.txt, http://psephos.adam-carr.net/countries/a/australia/1954/1954repsnt.txt
1955repsnsw.txt, http://psephos.adam-carr.net/countries/a/australia/1955/1955repsnsw.txt
1955repsvic.txt, http://psephos.adam-carr.net/countries/a/australia/1955/1955repsvic.txt
1955repsqld.txt, http://psephos.adam-carr.net/countries/a/australia/1955/1955repsqld.txt
1955repswa.txt, http://psephos.adam-carr.net/countries/a/australia/1955/1955repswa.txt
1955repssa.txt, http://psephos.adam-carr.net/countries/a/australia/1955/1955repssa.txt
1955repstas.txt, http://psephos.adam-carr.net/countries/a/australia/1955/1955repstas.txt
1955repsact.txt, http://psephos.adam-carr.net/countries/a/australia/1955/1955repsact.txt
1955repsnt.txt, http://psephos.adam-carr.net/countries/a/australia/1955/1955repsnt.txt
1958repsnsw.txt, http://psephos.adam-carr.net/countries/a/australia/1958/1958repsnsw.txt
1958repsvic.txt, http://psephos.adam-carr.net/countries/a/australia/1958/1958repsvic.txt
1958repsqld.txt, http://psephos.adam-carr.net/countries/a/australia/1958/1958repsqld.txt
1958repswa.txt, http://psephos.adam-carr.net/countries/a/australia/1958/1958repswa.txt
1958repssa.txt, http://psephos.adam-carr.net/countries/a/australia/1958/1958repssa.txt
1958repstas.txt, http://psephos.adam-carr.net/countries/a/australia/1958/1958repstas.txt
1958repsact.txt, http://psephos.adam-carr.net/countries/a/australia/1958/1958repsact.txt
1958repsnt.txt, http://psephos.adam-carr.net/countries/a/australia/1958/1958repsnt.txt
1961repsnsw.txt, http://psephos.adam-carr.net/countries/a/australia/1961/1961repsnsw.txt
1961repsvic.txt, http://psephos.adam-carr.net/countries/a/australia/1961/1961repsvic.txt
1961repsqld.txt, http://psephos.adam-carr.net/countries/a/australia/1961/1961repsqld.txt
1961repswa.txt, http://psephos.adam-carr.net/countries/a/australia/1961/1961repswa.txt
1961repssa.txt, http://psephos.adam-carr.net/countries/a/australia/1961/1961repssa.txt
1961repstas.txt, http://psephos.adam-carr.net/countries/a/australia/1961/1961repstas.txt
1961repsact.txt, http://psephos.adam-carr.net/countries/a/australia/1961/1961repsact.txt
1961repsnt.txt, http://psephos.adam-carr.net/countries/a/australia/1961/1961repsnt.txt
1963repsnsw.txt, http://psephos.adam-carr.net/countries/a/australia/1963/1963repsnsw.txt
1963repsvic.txt, http://psephos.adam-carr.net/countries/a/australia/1963/1963repsvic.txt
1963repsqld.txt, http://psephos.adam-carr.net/countries/a/australia/1963/1963repsqld.txt
1963repswa.txt, http://psephos.adam-carr.net/countries/a/australia/1963/1963repswa.txt
1963repssa.txt, http://psephos.adam-carr.net/countries/a/australia/1963/1963repssa.txt
1963repstas.txt, http://psephos.adam-carr.net/countries/a/australia/1963/1963repstas.txt
1963repsact.txt, http://psephos.adam-carr.net/countries/a/australia/1963/1963repsact.txt
1963repsnt.txt, http://psephos.adam-carr.net/countries/a/australia/1963/1963repsnt.txt
1966repsnsw.txt, http://psephos.adam-carr.net/countries/a/australia/1966/1966repsnsw.txt
1966repsvic.txt, http://psephos.adam-carr.net/countries/a/australia/1966/1966repsvic.txt
1966repsqld.txt, http://psephos.adam-carr.net/countries/a/australia/1966/1966repsqld.txt
1966repswa.txt, http://psephos.adam-carr.net/countries/a/australia/1966/1966repswa.txt
1966repssa.txt, http://psephos.adam-carr.net/countries/a/australia/1966/1966repssa.txt
1966repstas.txt, http://psephos.adam-carr.net/countries/a/australia/1966/1966repstas.txt
1966repsact.txt, http://psephos.adam-carr.net/countries/a/australia/1966/1966repsact.txt
1966repsnt.txt, http://psephos.adam-carr.net/countries/a/australia/1966/1966repsnt.txt
1969repsnsw.txt, http://psephos.adam-carr.net/countries/a/australia/1969/1969repsnsw.txt
1969repsvic.txt, http://psephos.adam-carr.net/countries/a/australia/1969/1969repsvic.txt
1969repsqld.txt, http://psephos.adam-carr.net/countries/a/australia/1969/1969repsqld.txt
1969repswa.txt, http://psephos.adam-carr.net/countries/a/australia/1969/1969repswa.txt
1969repssa.txt, http://psephos.adam-carr.net/countries/a/australia/1969/1969repssa.txt
1969repstas.txt, http://psephos.adam-carr.net/countries/a/australia/1969/1969repstas.txt
1969repsact.txt, http://psephos.adam-carr.net/countries/a/australia/1969/1969repsact.txt
1969repsnt.txt, http://psephos.adam-carr.net/countries/a/australia/1969/1969repsnt.txt
1972repsnsw.txt, http://psephos.adam-carr.net/countries/a/australia/1972/1972repsnsw.txt
1972repsvic.txt, http://psephos.adam-carr.net/countries/a/australia/1972/1972repsvic.txt
1972repsqld.txt, http://psephos.adam-carr.net/countries/a/australia/1972/1972repsqld.txt
1972repswa.txt, http://psephos.adam-carr.net/countries/a/australia/1972/1972repswa.txt
1972repssa.txt, http://psephos.adam-carr.net/countries/a/australia/1972/1972repssa.txt
1972repstas.txt, http://psephos.adam-carr.net/countries/a/australia/1972/1972repstas.txt
1972repsact.txt, http://psephos.adam-carr.net/countries/a/australia/1972/1972repsact.txt
1972repsnt.txt, http://psephos.adam-carr.net/countries/a/australia/1972/1972repsnt.txt
1974repsnsw.txt, http://psephos.adam-carr.net/countries/a/australia/1974/1974repsnsw.txt
1974repsvic.txt, http://psephos.adam-carr.net/countries/a/australia/1974/1974repsvic.txt
1974repsqld.txt, http://psephos.adam-carr.net/countries/a/australia/1974/1974repsqld.txt
1974repswa.txt, http://psephos.adam-carr.net/countries/a/australia/1974/1974repswa.txt
1974repssa.txt, http://psephos.adam-carr.net/countries/a/australia/1974/1974repssa.txt
1974repstas.txt, http://psephos.adam-carr.net/countries/a/australia/1974/1974repstas.txt
1974repsact.txt, http://psephos.adam-carr.net/countries/a/australia/1974/1974repsact.txt
1974repsnt.txt, http://psephos.adam-carr.net/countries/a/australia/1974/1974repsnt.txt
1975repsnsw.txt, http://psephos.adam-carr.net/countries/a/australia/1975/1975repsnsw.txt
1975repsvic.txt, http://psephos.adam-carr.net/countries/a/australia/1975/1975repsvic.txt
1975repsqld.txt, http://psephos.adam-carr.net/countries/a/australia/1975/1975repsqld.txt
1975repswa.txt, http://psephos.adam-carr.net/countries/a/australia/1975/1975repswa.txt
1975repssa.txt, http://psephos.adam-carr.net/countries/a/australia/1975/1975repssa.txt
1975repstas.txt, http://psephos.adam-carr.net/countries/a/australia/1975/1975repstas.txt
1975repsact.txt, http://psephos.adam-carr.net/countries/a/australia/1975/1975repsact.txt
1975repsnt.txt, http://psephos.adam-carr.net/countries/a/australia/1975/1975repsnt.txt
1977repsnsw.txt, http://psephos.adam-carr.net/countries/a/australia/1977/1977repsnsw.txt
1977repsvic.txt, http://psephos.adam-carr.net/countries/a/australia/1977/1977repsvic.txt
1977repsqld.txt, http://psephos.adam-carr.net/countries/a/australia/1977/1977repsqld.txt
1977repswa.txt, http://psephos.adam-carr.net/countries/a/australia/1977/1977repswa.txt
1977repssa.txt, http://psephos.adam-carr.net/countries/a/australia/1977/1977repssa.txt
1977repstas.txt, http://psephos.adam-carr.net/countries/a/australia/1977/1977repstas.txt
1977repsact.txt, http://psephos.adam-carr.net/countries/a/australia/1977/1977repsact.txt
1977repsnt.txt, http://psephos.adam-carr.net/countries/a/australia/1977/1977repsnt.txt
1980repsnsw.txt, http://psephos.adam-carr.net/countries/a/australia/1980/1980repsnsw.txt
1980repsvic.txt, http://psephos.adam-carr.net/countries/a/australia/1980/1980repsvic.txt
1980repsqld.txt, http://psephos.adam-carr.net/countries/a/australia/1980/1980repsqld.txt
1980repswa.txt, http://psephos.adam-carr.net/countries/a/australia/1980/1980repswa.txt
1980repssa.txt, http://psephos.adam-carr.net/countries/a/australia/1980/1980repssa.txt
1980repstas.txt, http://psephos.adam-carr.net/countries/a/australia/1980/1980repstas.txt
1980repsact.txt, http://psephos.adam-carr.net/countries/a/australia/1980/1980repsact.txt
1980repsnt.txt, http://psephos.adam-carr.net/countries/a/australia/1980/1980repsnt.txt
1983repsnsw.txt, http://psephos.adam-carr.net/countries/a/australia/1983/1983repsnsw.txt
1983repsvic.txt, http://psephos.adam-carr.net/countries/a/australia/1983/1983repsvic.txt
1983repsqld.txt, http://psephos.adam-carr.net/countries/a/australia/1983/1983repsqld.txt
1983repswa.txt, http://psephos.adam-carr.net/countries/a/australia/1983/1983repswa.txt
1983repssa.txt, http://psephos.adam-carr.net/countries/a/australia/1983/1983repssa.txt
1983repstas.txt, http://psephos.adam-carr.net/countries/a/australia/1983/1983repstas.txt
1983repsact.txt, http://psephos.adam-carr.net/countries/a/australia/1983/1983repsact.txt
1983repsnt.txt, http://psephos.adam-carr.net/countries/a/australia/1983/1983repsnt.txt
1984repsnsw.txt, http://psephos.adam-carr.net/countries/a/australia/1984/1984repsnsw.txt
1984repsvic.txt, http://psephos.adam-carr.net/countries/a/australia/1984/1984repsvic.txt
1984repsqld.txt, http://psephos.adam-carr.net/countries/a/australia/1984/1984repsqld.txt
1984repswa.txt, http://psephos.adam-carr.net/countries/a/australia/1984/1984repswa.txt
1984repssa.txt, http://psephos.adam-carr.net/countries/a/australia/1984/1984repssa.txt
1984repstas.txt, http://psephos.adam-carr.net/countries/a/australia/1984/1984repstas.txt
1984repsact.txt, http://psephos.adam-carr.net/countries/a/australia/1984/1984repsact.txt
1984repsnt.txt, http://psephos.adam-carr.net/countries/a/australia/1984/1984repsnt.txt
1987repsnsw.txt, http://psephos.adam-carr.net/countries/a/australia/1987/1987repsnsw.txt
1987repsvic.txt, http://psephos.adam-carr.net/countries/a/australia/1987/1987repsvic.txt
1987repsqld.txt, http://psephos.adam-carr.net/countries/a/australia/1987/1987repsqld.txt
1987repswa.txt, http://psephos.adam-carr.net/countries/a/australia/1987/1987repswa.txt
1987repssa.txt, http://psephos.adam-carr.net/countries/a/australia/1987/1987repssa.txt
1987repstas.txt, http://psephos.adam-carr.net/countries/a/australia/1987/1987repstas.txt
1987repsact.txt, http://psephos.adam-carr.net/countries/a/australia/1987/1987repsact.txt
1987repsnt.txt, http://psephos.adam-carr.net/countries/a/australia/1987/1987repsnt.txt
1990repsnsw.txt, http://psephos.adam-carr.net/countries/a/australia/1990/1990repsnsw.txt
1990repsvic.txt, http://psephos.adam-carr.net/countries/a/australia/1990/1990repsvic.txt
1990repsqld.txt, http://psephos.adam-carr.net/countries/a/australia/1990/1990repsqld.txt
1990repswa.txt, http://psephos.adam-carr.net/countries/a/australia/1990/1990repswa.txt
1990repssa.txt, http://psephos.adam-carr.net/countries/a/australia/1990/1990repssa.txt
1990repstas.txt, http://psephos.adam-carr.net/countries/a/australia/1990/1990repstas.txt
1990repsact.txt, http://psephos.adam-carr.net/countries/a/australia/1990/1990repsact.txt
1990repsnt.txt, http://psephos.adam-carr.net/countries/a/australia/1990/1990repsnt.txt
1993repsnsw.txt, http://psephos.adam-carr.net/countries/a/australia/1993/1993repsnsw.txt
1993repsvic.txt, http://psephos.adam-carr.net/countries/a/australia/1993/1993repsvic.txt
1993repsqld.txt, http://psephos.adam-carr.net/countries/a/australia/1993/1993repsqld.txt
1993repswa.txt, http://psephos.adam-carr.net/countries/a/australia/1993/1993repswa.txt
1993repssa.txt, http://psephos.adam-carr.net/countries/a/australia/1993/1993repssa.txt
1993repstas.txt, http://psephos.adam-carr.net/countries/a/australia/1993/1993repstas.txt
1993repsact.txt, http://psephos.adam-carr.net/countries/a/australia/1993/1993repsact.txt
1993repsnt.txt, http://psephos.adam-carr.net/countries/a/australia/1993/1993repsnt.txt
1996repsnsw.txt, http://psephos.adam-carr.net/countries/a/australia/1996/1996repsnsw.txt
1996repsvic.txt, http://psephos.adam-carr.net/countries/a/australia/1996/1996repsvic.txt
1996repsqld.txt, http://psephos.adam-carr.net/countries/a/australia/1996/1996repsqld.txt
1996repswa.txt, http://psephos.adam-carr.net/countries/a/australia/1996/1996repswa.txt
1996repssa.txt, http://psephos.adam-carr.net/countries/a/australia/1996/1996repssa.txt
1996repstas.txt, http://psephos.adam-carr.net/countries/a/australia/1996/1996repstas.txt
1996repsact.txt, http://psephos.adam-carr.net/countries/a/australia/1996/1996repsact.txt
1996repsnt.txt, http://psephos.adam-carr.net/countries/a/australia/1996/1996repsnt.txt
1998repsnsw.txt, http://psephos.adam-carr.net/countries/a/australia/1998/1998repsnsw.txt
1998repsvic.txt, http://psephos.adam-carr.net/countries/a/australia/1998/1998repsvic.txt
1998repsqld.txt, http://psephos.adam-carr.net/countries/a/australia/1998/1998repsqld.txt
1998repswa.txt, http://psephos.adam-carr.net/countries/a/australia/1998/1998repswa.txt
1998repssa.txt, http://psephos.adam-carr.net/countries/a/australia/1998/1998repssa.txt
1998repstas.txt, http://psephos.adam-carr.net/countries/a/australia/1998/1998repstas.txt
1998repsact.txt, http://psephos.adam-carr.net/countries/a/australia/1998/1998repsact.txt
1998repsnt.txt, http://psephos.adam-carr.net/countries/a/australia/1998/1998repsnt.txt
2001repsnsw.txt, http://psephos.adam-carr.net/countries/a/australia/2001/2001repsnsw.txt
2001repsvic.txt, http://psephos.adam-carr.net/countries/a/australia/2001/2001repsvic.txt
2001repsqld.txt, http://psephos.adam-carr.net/countries/a/australia/2001/2001repsqld.txt
2001repswa.txt, http://psephos.adam-carr.net/countries/a/australia/2001/2001repswa.txt
2001repssa.txt, http://psephos.adam-carr.net/countries/a/australia/2001/2001repssa.txt
2001repstas.txt, http://psephos.adam-carr.net/countries/a/australia/2001/2001repstas.txt
2001repsact.txt, http://psephos.adam-carr.net/countries/a/australia/2001/2001repsact.txt
2001repsnt.txt, http://psephos.adam-carr.net/countries/a/australia/2001/2001repsnt.txt
2004repsnsw.txt, http://psephos.adam-carr.net/countries/a/australia/2004/2004repsnsw.txt
2004repsvic.txt, http://psephos.adam-carr.net/countries/a/australia/2004/2004repsvic.txt
2004repsqld.txt, http://psephos.adam-carr.net/countries/a/australia/2004/2004repsqld.txt
2004repswa.txt, http://psephos.adam-carr.net/countries/a/australia/2004/2004repswa.txt
2004repssa.txt, http://psephos.adam-carr.net/countries/a/australia/2004/2004repssa.txt
2004repstas.txt, http://psephos.adam-carr.net/countries/a/australia/2004/2004repstas.txt
2004repsact.txt, http://psephos.adam-carr.net/countries/a/australia/2004/2004repsact.txt
2004repsnt.txt, http://psephos.adam-carr.net/countries/a/australia/2004/2004repsnt.txt
2007repsnsw.txt, http://psephos.adam-carr.net/countries/a/australia/2007/2007repsnsw.txt
2007repsvic.txt, http://psephos.adam-carr.net/countries/a/australia/2007/2007repsvic.txt
2007repsqld.txt, http://psephos.adam-carr.net/countries/a/australia/2007/2007repsqld.txt
2007repswa.txt, http://psephos.adam-carr.net/countries/a/australia/2007/2007repswa.txt
2007repssa.txt, http://psephos.adam-carr.net/countries/a/australia/2007/2007repssa.txt
2007repstas.txt, http://psephos.adam-carr.net/countries/a/australia/2007/2007repstas.txt
2007repsact.txt, http://psephos.adam-carr.net/countries/a/australia/2007/2007repsact.txt
2007repsnt.txt, http://psephos.adam-carr.net/countries/a/australia/2007/2007repsnt.txt
2010repsnsw.txt, http://psephos.adam-carr.net/countries/a/australia/2010/2010repsnsw.txt
2010repsvic.txt, http://psephos.adam-carr.net/countries/a/australia/2010/2010repsvic.txt
2010repsqld.txt, http://psephos.adam-carr.net/countries/a/australia/2010/2010repsqld.txt
2010repswa.txt, http://psephos.adam-carr.net/countries/a/australia/2010/2010repswa.txt
2010repssa.txt, http://psephos.adam-carr.net/countries/a/australia/2010/2010repssa.txt
2010repstas.txt, http://psephos.adam-carr.net/countries/a/australia/2010/2010repstas.txt
2010repsact.txt, http://psephos.adam-carr.net/countries/a/australia/2010/2010repsact.txt
2010repsnt.txt, http://psephos.adam-carr.net/countries/a/australia/2010/2010repsnt.txt
2013repsnsw.txt, http://psephos.adam-carr.net/countries/a/australia/2013/2013repsnsw.txt
2013repsvic.txt, http://psephos.adam-carr.net/countries/a/australia/2013/2013repsvic.txt
2013repsqld.txt, http://psephos.adam-carr.net/countries/a/australia/2013/2013repsqld.txt
2013repswa.txt, http://psephos.adam-carr.net/countries/a/australia/2013/2013repswa.txt
2013repssa.txt, http://psephos.adam-carr.net/countries/a/australia/2013/2013repssa.txt
2013repstas.txt, http://psephos.adam-carr.net/countries/a/australia/2013/2013repstas.txt
2013repsact.txt, http://psephos.adam-carr.net/countries/a/australia/2013/2013repsact.txt
2013repsnt.txt, http://psephos.adam-carr.net/countries/a/australia/2013/2013repsnt.txt
2016repsnsw.txt, http://psephos.adam-carr.net/countries/a/australia/2016/2016repsnsw.txt
2016repsvic.txt, http://psephos.adam-carr.net/countries/a/australia/2016/2016repsvic.txt
2016repsqld.txt, http://psephos.adam-carr.net/countries/a/australia/2016/2016repsqld.txt
2016repswa.txt, http://psephos.adam-carr.net/countries/a/australia/2016/2016repswa.txt
2016repssa.txt, http://psephos.adam-carr.net/countries/a/australia/2016/2016repssa.txt
2016repstas.txt, http://psephos.adam-carr.net/countries/a/australia/2016/2016repstas.txt
2016repsact.txt, http://psephos.adam-carr.net/countries/a/australia/2016/2016repsact.txt
2016repsnt.txt, http://psephos.adam-carr.net/countries/a/australia/2016/2016repsnt.txt
2013repsby.txt, http://psephos.adam-carr.net/countries/a/australia/2013/2013repsby.txt
2010repsby.txt, http://psephos.adam-carr.net/countries/a/australia/2010/2010repsby.txt
2007repsby.txt, http://psephos.adam-carr.net/countries/a/australia/2007/2007repsby.txt
2004repsby.txt, http://psephos.adam-carr.net/countries/a/australia/2004/2004repsby.txt
2001repsby.txt, http://psephos.adam-carr.net/countries/a/australia/2001/2001repsby.txt
1998repsby.txt, http://psephos.adam-carr.net/countries/a/australia/1998/1998repsby.txt
1996repsby.txt, http://psephos.adam-carr.net/countries/a/australia/1996/1996repsby.txt
1993repsby.txt, http://psephos.adam-carr.net/countries/a/australia/1993/1993repsby.txt
1990repsby.txt, http://psephos.adam-carr.net/countries/a/australia/1990/1990repsby.txt
1987repsby.txt, http://psephos.adam-carr.net/countries/a/australia/1987/1987repsby.txt
1984repsby.txt, http://psephos.adam-carr.net/countries/a/australia/1984/1984repsby.txt
1983repsby.txt, http://psephos.adam-carr.net/countries/a/australia/1983/1983repsby.txt
1980repsby.txt, http://psephos.adam-carr.net/countries/a/australia/1980/1980repsby.txt
1977repsby.txt, http://psephos.adam-carr.net/countries/a/australia/1977/1977repsby.txt
1975repsby.txt, http://psephos.adam-carr.net/countries/a/australia/1975/1975repsby.txt
1974repsby.txt, http://psephos.adam-carr.net/countries/a/australia/1974/1974repsby.txt
1972repsby.txt, http://psephos.adam-carr.net/countries/a/australia/1972/1972repsby.txt
1969repsby.txt, http://psephos.adam-carr.net/countries/a/australia/1969/1969repsby.txt
1966repsby.txt, http://psephos.adam-carr.net/countries/a/australia/1966/1966repsby.txt
1963repsby.txt, http://psephos.adam-carr.net/countries/a/australia/1963/1963repsby.txt
1961repsby.txt, http://psephos.adam-carr.net/countries/a/australia/1961/1961repsby.txt
1958repsby.txt, http://psephos.adam-carr.net/countries/a/australia/1958/1958repsby.txt
1955repsby.txt, http://psephos.adam-carr.net/countries/a/australia/1955/1955repsby.txt
1954repsby.txt, http://psephos.adam-carr.net/countries/a/australia/1954/1954repsby.txt
1951repsby.txt, http://psephos.adam-carr.net/countries/a/australia/1951/1951repsby.txt
1949repsby.txt, http://psephos.adam-carr.net/countries/a/australia/1949/1949repsby.txt
1946repsby.txt, http://psephos.adam-carr.net/countries/a/australia/1946/1946repsby.txt
1943repsby.txt, http://psephos.adam-carr.net/countries/a/australia/1943/1943repsby.txt
1940repsby.txt, http://psephos.adam-carr.net/countries/a/australia/1940/1940repsby.txt
1937repsby.txt, http://psephos.adam-carr.net/countries/a/australia/1937/1937repsby.txt
1934repsby.txt, http://psephos.adam-carr.net/countries/a/australia/1934/1934repsby.txt
1931repsby.txt, http://psephos.adam-carr.net/countries/a/australia/1931/1931repsby.txt
1929repsby.txt, http://psephos.adam-carr.net/countries/a/australia/1929/1929repsby.txt
1928repsby.txt, http://psephos.adam-carr.net/countries/a/australia/1928/1928repsby.txt
1925repsby.txt, http://psephos.adam-carr.net/countries/a/australia/1925/1925repsby.txt
1922repsby.txt, http://psephos.adam-carr.net/countries/a/australia/1922/1922repsby.txt
1919repsby.txt, http://psephos.adam-carr.net/countries/a/australia/1919/1919repsby.txt
1917repsby.txt, http://psephos.adam-carr.net/countries/a/australia/1917/1917repsby.txt
1914repsby.txt, http://psephos.adam-carr.net/countries/a/australia/1914/1914repsby.txt
1913repsby.txt, http://psephos.adam-carr.net/countries/a/australia/1913/1913repsby.txt
1910repsby.txt, http://psephos.adam-carr.net/countries/a/australia/1910/1910repsby.txt
1906repsby.txt, http://psephos.adam-carr.net/countries/a/australia/1906/1906repsby.txt
1903repsby.txt, http://psephos.adam-carr.net/countries/a/australia/1903/1903repsby.txt
1901repsby.txt, http://psephos.adam-carr.net/countries/a/australia/1901/1901repsby.txt
newe2016.txt, http://psephos.adam-carr.net/countries/a/australia/2016/newe2016.txt
benn2016.txt, http://psephos.adam-carr.net/countries/a/australia/2016/benn2016.txt
went2018.txt, http://psephos.adam-carr.net/countries/a/australia/2016/went2018.txt
pert2016.txt, http://psephos.adam-carr.net/countries/a/australia/2016/pert2016.txt
long2016.txt, http://psephos.adam-carr.net/countries/a/australia/2016/long2016.txt
mayo2016.txt, http://psephos.adam-carr.net/countries/a/australia/2016/mayo2016.txt
frem2016.txt, http://psephos.adam-carr.net/countries/a/australia/2016/frem2016.txt
brad2016.txt, http://psephos.adam-carr.net/countries/a/australia/2016/brad2016.txt
batm2016.txt, http://psephos.adam-carr.net/countries/a/australia/2016/batm2016.txt
2019repsnsw.txt, http://psephos.adam-carr.net/countries/a/australia/2019/2019repsnsw.txt
2019repsvic.txt, http://psephos.adam-carr.net/countries/a/australia/2019/2019repsvic.txt
2019repsqld.txt, http://psephos.adam-carr.net/countries/a/australia/2019/2019repsqld.txt
2019repswa.txt, http://psephos.adam-carr.net/countries/a/australia/2019/2019repswa.txt
2019repssa.txt, http://psephos.adam-carr.net/countries/a/australia/2019/2019repssa.txt
2019repstas.txt, http://psephos.adam-carr.net/countries/a/australia/2019/2019repstas.txt
2019repsact.txt, http://psephos.adam-carr.net/countries/a/australia/2019/2019repsact.txt
2019repsnt.txt, http://psephos.adam-carr.net/countries/a/australia/2019/2019repsnt.txt